{
    "size": [
        200,
        200
    ],
    "actual_size": [
        200,
        200
    ],
    "add_noise": true,
    "noise_level": 0.02,
    "mix_by_channel": true,
    "mixing_matrix": [
        [
            1.2739560485559633,
            -0.9388784397520523,
            1.3585979199113825
        ],
        [
            -1.1973680290593638,
            -0.5941773478876495,
            1.475622351636756
        ],
        [
            1.261139701990353,
            1.2860643052769538,
            -0.6281136326755459
        ]
    ],
    "seed": 42
}